"Id","BIRTHDATE","DEATHDATE","SSN","DRIVERS","PASSPORT","PREFIX","FIRST","LAST","SUFFIX","MAIDEN","MARITAL","RACE","ETHNICITY","GENDER","BIRTHPLACE","ADDRESS","CITY","STATE","ZIP"
"935d9586-9a8c-de97-9359-3dd98eabcb2c",1992-11-14,NA,"999-12-4837","S99980214","X48372019X","Mrs.","Alyssa","Klein",NA,"Davis","M","white","not_hispanic_or_latino","F","Harrisburg  Pennsylvania  US","218 Market St Apt 14","Harrisburg","Pennsylvania","17101"
"3693b9d5-8b0e-2a80-2cf4-5ddad19e7c22",1988-02-03,NA,"999-44-9012","S99911482","X77284011X","Mr.","Derek","Hansen",NA,NA,"M","white","not_hispanic_or_latino","M","Erie  Pennsylvania  US","44 Westwood Dr","Erie","Pennsylvania","16501"
"9788d90a-78ac-3d7e-84d6-d7390291c431",1990-09-27,NA,"999-08-2274","S99955603","X09177462X","Ms.","Marina","Olsen",NA,NA,"S","white","not_hispanic_or_latino","F","Pittsburgh  Pennsylvania  US","590 Walnut Ave","Pittsburgh","Pennsylvania","15213"
"4cd50d11-592d-0e59-9485-64c500e338cd",1991-06-09,2014-06-12,"999-77-3451","S99923014","X55193007X","Mr.","Tyler","Reed",NA,NA,"S","white","not_hispanic_or_latino","M","Reading  Pennsylvania  US","404 Cherry Ln","Reading","Pennsylvania","19601"
"ca7f1e3f-af5f-36f9-1287-16c4c7f5a8b0",1983-12-18,NA,"999-63-1880","S99990120","X24011899X","Mrs.","Elaine","Santos",NA,"Miller","M","black","not_hispanic_or_latino","F","Philadelphia  Pennsylvania  US","771 South St","Philadelphia","Pennsylvania","19147"
"1ae90a13-1135-39a6-14aa-6f1c0c088325",1998-03-22,NA,"999-71-5099",NA,NA,NA,"Jordan","Perry",NA,NA,"S","white","not_hispanic_or_latino","M","Lancaster  Pennsylvania  US","118 Meadow Ridge Rd","Lancaster","Pennsylvania","17601"
"bf146d9a-3b15-2d02-e70b-f71762295021",1994-07-31,NA,"999-33-4018","S99944719","X18449002X","Mr.","Caleb","Nguyen",NA,NA,"M","asian","not_hispanic_or_latino","M","Allentown  Pennsylvania  US","301 7th St","Allentown","Pennsylvania","18102"
"9bde4a0c-e590-e7f7-194c-b58fb4f9f8e0",1992-10-05,NA,"999-58-9920","S99966208","X99110273X","Mrs.","Brenda","Kowalski",NA,"Nowak","M","white","not_hispanic_or_latino","F","Scranton  Pennsylvania  US","44 Mulberry St","Scranton","Pennsylvania","18503"
"b80d9475-dd60-aec6-9da2-a12e4f38db76",1996-01-17,2025-04-05,"999-90-6102","S99910455","X46011822X","Ms.","Hailey","Brennan",NA,NA,"S","white","unknown","F","State College  Pennsylvania  US","702 Park Ave","State College","Pennsylvania","16801"
"7cc8d55b-0df5-7782-3a92-48061ab4c2ef",1991-05-11,2025-03-17,"999-19-7740","S99933006","X60844710X","Mr.","Victor","Cohen","Jr.",NA,"M","white","unknown","M","York  Pennsylvania  US","610 Linden Rd","York","Pennsylvania","17401"
"8ab22f1b-04dd-3b30-7a31-2b5d3d99f6f3",1993-09-28,NA,"999-90-4314","S99920355","X28211313X","Mr.","Kieth","King",NA,NA,"M","white","not_hispanic_or_latino","M","Overfield  Pennsylvania  US","428 Strosin Fort Suite 49","Limerick","Pennsylvania","19468"
"0a3f9e12-9f5a-4e24-b8b6-04d5d7b2c6a1",1995-04-02,NA,"999-27-1184","S99978012","X11840277X","Mrs.","Nina","Walsh",NA,"Baker","M","white","not_hispanic_or_latino","F","Bethlehem  Pennsylvania  US","512 Spruce St","Bethlehem","Pennsylvania","18015"
"1b7a8c34-6f55-4c98-ae21-1d7f6f4b0a92",1999-12-09,NA,"999-06-3009","S99951188","X99006301X","Mr.","Owen","Patel",NA,NA,"S","asian","not_hispanic_or_latino","M","King of Prussia  Pennsylvania  US","230 Cedar Ave","King of Prussia","Pennsylvania","19406"
"2c4d1a77-9e63-4c2e-bd9d-03d7f0a81b2c",1984-02-19,NA,"999-61-4440","S99989003","X40194461X","Mrs.","Domenica","Fadel",NA,"Labadie","M","white","not_hispanic_or_latino","F","Wilkins  Pennsylvania  US","519 Ziemann Trail","Washington","Pennsylvania","15301"
"3d5e7f88-2a10-4f1e-9f07-7d7b10a1c3d4",1987-03-30,NA,"999-49-5162","S99961309","X17464073X","Mr.","Kelly","Turner",NA,NA,"M","white","not_hispanic_or_latino","M","Manor  Pennsylvania  US","158 Dickens Corner Suite 2","Manheim","Pennsylvania","17545"
"4e6f8a99-1b21-4d2f-8a17-2f7a3b5c6d70",1986-09-30,NA,"999-48-4898","S99965069","X54730783X","Mr.","Eduardo","Rojo",NA,NA,"S","black","hispanic_or_latino","M","Wesley  Saint Andrew Parish  DM","580 Bechtelar Divide","Manheim","Pennsylvania","17545"
"5f70ab10-2c32-4e3a-9b28-3a8b4c6d7e81",1989-01-01,NA,"999-19-7005","S99935110","X63153562X","Mr.","Emerson","Gutmann",NA,NA,"M","black","not_hispanic_or_latino","M","Lower Makefield  Pennsylvania  US","563 O'Hara Wynd","Pittsburgh","Pennsylvania","15106"
"6a81bc21-3d43-4f4b-a039-4b9c5d7e8f92",1998-05-24,NA,"999-74-7736",NA,NA,NA,"Zack","Purdy",NA,NA,NA,"white","not_hispanic_or_latino","M","Cranberry  Pennsylvania  US","1000 Vandervort Run","Washington","Pennsylvania","15301"
"7b92cd32-4e54-405c-b14a-5cab6e8f90a3",1990-03-11,NA,"999-86-7250","S99939389","X3970685X","Mrs.","Allyn","Kreiger",NA,"Bartolett","M","asian","unknown","F","Muhlenberg  Pennsylvania  US","372 Marks Heights Unit 20","Middle Paxton","Pennsylvania","17112"
"8c03de43-5f65-416d-c25b-6dbc7f90a1b4",1992-02-22,NA,"999-78-9189","S99980820","X9988931X","Mrs.","Domenica","Fadel",NA,"Labadie","M","white","unknown","F","Wilkins  Pennsylvania  US","519 Ziemann Trail","Washington","Pennsylvania","15301"
"9d14ef54-6a76-427e-d36c-7ecd80a1b2c5",1986-04-26,NA,"999-52-6401","S99961244","X01466520X","Mr.","Harvey","Stewart",NA,NA,"M","white","not_hispanic_or_latino","M","Johnstown  Pennsylvania  US","110 Lakeview Dr","Johnstown","Pennsylvania","15901"
"ae25f065-7b87-438f-e47d-8fde91b2c3d6",1991-09-26,NA,"999-11-2088","S99970019","X88208110X","Mrs.","Ruth","Hoffman",NA,"Kline","M","white","not_hispanic_or_latino","F","Altoona  Pennsylvania  US","830 Ridge Rd","Altoona","Pennsylvania","16601"
"bf360176-8c98-44a0-f58e-90ef02c3d4e7",1997-01-17,NA,"999-97-5681","S99919452","X44806182X","Ms.","Amiee","Kertzmann",NA,NA,NA,"white","not_hispanic_or_latino","F","Mifflintown  Pennsylvania  US","349 Hilpert Loaf","Cumberland","Pennsylvania","17070"
"c0471187-9da9-45b1-069f-a1f013d4e5f8",1988-06-12,NA,"999-65-9933","S99930088","X33993965X","Mr.","Samir","Haddad",NA,NA,"M","asian","not_hispanic_or_latino","M","Easton  Pennsylvania  US","225 Pine St","Easton","Pennsylvania","18042"
"d1582298-aeba-46c2-17a0-b20024e5f609",1992-02-28,NA,"999-03-6672","S99988401","X27624303X","Mrs.","Clara","Murray",NA,"Sloan","S","white","not_hispanic_or_latino","F","New Castle  Pennsylvania  US","19 Brookside Ct","New Castle","Pennsylvania","16101"
"e26933a9-bfcb-47d3-28b1-c31135f6071a",2001-08-09,NA,"999-40-5127","S99901993","X72127540X","Mr.","Noah","Fischer",NA,NA,"S","white","not_hispanic_or_latino","M","West Chester  Pennsylvania  US","141 Union St","West Chester","Pennsylvania","19382"
"f37a44ba-c0dc-48e4-39c2-d42246f7182b",1991-12-16,NA,"999-88-1091","S99955671","X91011988X","Mr.","Leon","Rossi",NA,NA,"M","white","hispanic_or_latino","M","Hazleton  Pennsylvania  US","88 Maple Ave","Hazleton","Pennsylvania","18201"
"0a8b55cb-d1ed-49f5-4ad3-e53357f8293c",1987-04-28,2025-03-17,"999-72-2010","S99911020","X01020172X","Mrs.","Maya","Singh",NA,"Kaur","M","asian","not_hispanic_or_latino","F","Monroeville  Pennsylvania  US","606 Orchard Rd","Monroeville","Pennsylvania","15146"
"1b9c66dc-e2fe-4a06-5be4-f64468f93a4d",1992-09-03,NA,"999-14-7720","S99922107","X20772014X","Mr.","Logan","Parker",NA,NA,"M","white","not_hispanic_or_latino","M","Doylestown  Pennsylvania  US","315 Highland Dr","Doylestown","Pennsylvania","18901"
"2cad77ed-f30f-4b17-6cf5-0755790a4b5e",1991-06-30,NA,"999-09-4310","S99933410","X10431009X","Ms.","Tessa","Carter",NA,NA,"S","white","not_hispanic_or_latino","F","Bristol  Pennsylvania  US","707 Vine St","Bristol","Pennsylvania","19007"
"3dbe88fe-0410-4c28-7d06-18668a1b5c6f",1986-03-22,NA,"999-30-8821","S99901821","X21882130X","Mr.","Hector","Lopez",NA,NA,"M","white","hispanic_or_latino","M","Camden  New Jersey  US","510 River Rd","Philadelphia","Pennsylvania","19104"
"4ecf990f-1511-4d39-8e17-29779b2c6d70",1989-11-19,NA,"999-22-9055","S99944055","X55059022X","Mrs.","Brie","Schmidt",NA,"Weber","M","white","unknown","F","Norristown  Pennsylvania  US","221 Elm St","Norristown","Pennsylvania","19401"
"4059910f-1511-4d39-8e17-29cc2b2c6d70",1995-05-26,NA,"999-02-4418","S99904418","X18441802X","Mr.","Cody","Price",NA,NA,"S","white","unknown","M","Ambler  Pennsylvania  US","90 Spruce St","Ambler","Pennsylvania","19002"
"5160a210-2612-4e4a-9f28-3aee3c3d7e81",1998-06-12,NA,"999-60-7317","S99907317","X17731660X","Ms.","Paige","Stone",NA,NA,"S","white","not_hispanic_or_latino","F","Greensburg  Pennsylvania  US","404 Main St","Greensburg","Pennsylvania","15601"
"6271b321-3723-4f5b-a039-4bff4d4e8f92",2000-09-11,NA,"999-16-2202",NA,NA,NA,"Aiden","Hart",NA,NA,NA,"white","not_hispanic_or_latino","M","Murrysville  Pennsylvania  US","7 Park Ave","Murrysville","Pennsylvania","15668"
"7382c432-4834-405c-b14a-5c111e5f90a3",1996-01-17,NA,"999-45-7701","S99917701","X01770145X","Mr.","Dylan","Reyes",NA,NA,"S","white","hispanic_or_latino","M","Allison Park  Pennsylvania  US","640 Ridge Rd","Allison Park","Pennsylvania","15101"
"8493d543-5945-416d-c25b-6d222f60a1b4",1997-06-13,NA,"999-88-1044","S99901044","X44104488X","Ms.","Isla","Foster",NA,NA,"S","white","not_hispanic_or_latino","F","Shippensburg  Pennsylvania  US","218 Elm St","Shippensburg","Pennsylvania","17257"
"95a4e654-6a56-427e-d36c-7e333071b2c5",1998-05-14,NA,"999-31-6609","S99906609","X09660931X","Mr.","Leo","Ng",NA,NA,"S","asian","not_hispanic_or_latino","M","Exton  Pennsylvania  US","820 Oak Ave","Exton","Pennsylvania","19341"
"a607f765-7b67-438f-e47d-8fddd182c3d6",1986-06-04,NA,"999-18-7744","S99911744","X44774418X","Mrs.","Lana","Kim",NA,"Park","M","asian","not_hispanic_or_latino","F","Blue Bell  Pennsylvania  US","330 Cedar Ct","Blue Bell","Pennsylvania","19422"
"b7180876-8c78-44a0-f58e-90eee293d4e7",1987-05-11,NA,"999-41-2209","S99930209","X09220941X","Mr.","Omar","Hussein",NA,NA,"M","asian","not_hispanic_or_latino","M","Upper Darby  Pennsylvania  US","710 Cedar St","Upper Darby","Pennsylvania","19082"
"c8291987-9d89-45b1-069f-a1fff3a4e5f8",1990-09-02,NA,"999-67-1408","S99961408","X08140867X","Ms.","Talia","Green",NA,NA,"S","white","not_hispanic_or_latino","F","Phoenixville  Pennsylvania  US","214 Grant St","Phoenixville","Pennsylvania","19460"
"d93a2a98-ae9a-46c2-17a0-b20aa4b5f609",1988-08-03,NA,"999-10-9931","S99909931","X31993110X","Mr.","Arjun","Shah",NA,NA,"M","asian","unknown","M","Levittown  Pennsylvania  US","112 Cherry St","Levittown","Pennsylvania","19054"
"ea4b3ba9-bfab-47d3-28b1-c31bb5c6071a",1991-12-04,NA,"999-83-2201","S99912201","X01220183X","Mrs.","Cora","Martin",NA,"Wright","M","white","not_hispanic_or_latino","F","Carlisle  Pennsylvania  US","552 Pine St","Carlisle","Pennsylvania","17013"
"fb5c4cba-c0bc-48e4-39c2-d42cc6d7182b",1992-10-29,NA,"999-28-4410","S99904410","X10441028X","Mr.","Jonah","Miller",NA,NA,"M","white","not_hispanic_or_latino","M","Beaver  Pennsylvania  US","410 Park Rd","Beaver","Pennsylvania","15009"
"0c6d5ddb-d1cd-49f5-4ad3-e53dd7e8293c",1993-03-18,NA,"999-06-1170","S99951170","X70117006X","Ms.","Keira","O'Neill",NA,NA,"S","white","not_hispanic_or_latino","F","Wilkes-Barre  Pennsylvania  US","99 Maple St","Wilkes-Barre","Pennsylvania","18701"
"1d7e6eec-e2de-4a06-5be4-f64ee8f93a4d",1994-11-20,NA,"999-73-5002","S99925002","X02500273X","Mrs.","Mina","Khan",NA,"Ali","M","asian","not_hispanic_or_latino","F","Bensalem  Pennsylvania  US","707 Cedar Ave","Bensalem","Pennsylvania","19020"
"2e8f7ffd-f3ef-4b17-6cf5-07aa090a4b5e",1991-05-09,NA,"999-39-8881","S99908881","X81888139X","Mr.","Grant","Young",NA,NA,"S","white","not_hispanic_or_latino","M","Quakertown  Pennsylvania  US","318 Walnut St","Quakertown","Pennsylvania","18951"
"3f9a801e-0400-4c28-7d06-18bb1a1b5c6f",1993-02-10,NA,"999-55-0199","S99910199","X99019955X","Ms.","Renee","Lewis",NA,NA,"S","black","not_hispanic_or_latino","F","New Kensington  Pennsylvania  US","271 River Rd","New Kensington","Pennsylvania","15068"
